name,address,reviews,dessert,url,image
Minus 10 Ice Cream,"10 Mott St New York, NY 10013",no reviews,Icecream,https://www.minus10icecream.com/,file:///Applications/coreinteractionstudio/square/minus.png
Five Pennies Creamery,"11 N Park Ave, Rockville Centre, NY 11570",4.8,Icecream,https://www.fivepenniescreameryny.com/,file:///Applications/coreinteractionstudio/square/five.png
Gelso & Grand,"186 Grand Street, NY, NY 10013
Little Italy NYC",,Dining and Dessert,https://www.youtube.com/redirect?q=https%3A%2F%2Fwww.gelsoandgrand.com%2F&v=fgZ-hctTLbM&redir_token=iw-fLgj8NVjnYIjsbc09_nNPJq98MTU4Mjc0MzY5MkAxNTgyNjU3Mjky&event=video_description,file:///Applications/coreinteractionstudio/Screen%20Shot%202020-03-26%20at%201.33.49%20AM.png
Sweet Moment,"106 Mott St, New York, NY 10013",4.5,Pastry,https://www.instagram.com/sweetmomentnyc/?hl=en,file:///Applications/coreinteractionstudio/Screen%20Shot%202020-03-26%20at%201.54.15%20AM.png
Wowfulls,"309 E Houston St, New York, NY 10002",4.6,Icecream,http://wowfulls.com/,file:///Applications/coreinteractionstudio/square/wowfulls.png
Project Brunch,"616 Forest Ave, Staten Island, NY 10310",,Dining and Dessert,https://projectbrunch.com/,https://keepingupwiththefashions.com/wp-content/uploads/2017/10/Frozen-Hot-Chocolate.jpg
Soft Swerve,"85B ALLEN STREET, NEW YORK, N.Y. 10002",4.5,Icecream,http://www.softswervenyc.com/,https://media.guestofaguest.com/t_card_large/gofg-media/2017/04/1/48807/17819241_401343633573305_8409323262923767808_n.jpg
Odd Fellows,"55 East Houston Street
New York, NY 10012 & 75 East 4th Street
New York, NY 10003",4.4,Icecream,https://www.oddfellowsnyc.com/,file:///Applications/coreinteractionstudio/Screen%20Shot%202020-03-26%20at%202.00.55%20AM.png
Van Leeuwan,"48.5 East 7th St, New York, NY 10003",no reviews,Icecream,https://vanleeuwenicecream.com/location/east-village/,https://urbanmatter.com/chicago/wp-content/uploads/2017/07/20184727_2041913869362853_2429573870185873408_n.jpg
The Original Chinatown Ice Cream Factory,"65 Bayard St, New York, NY 10013",4.5,Icecream,http://www.chinatownicecreamfactory.com/,https://www.ahoynewyorkfoodtours.com/wp-content/uploads/2016/04/Chinatown-Ice-Cream-Factory.jpg
Jacques Torres Icecream,"89 East 42nd Street, Grand Central Terminal",no reviews,Cookies,https://mrchocolate.com/blogs/locations/ice-cream-grand-central,https://cdn.shopify.com/s/files/1/2622/7352/files/Screen-Shot-2017-07-17-at-2.14.17-PM-1024x823_1024x1024.png?v=1515019718
Dominique Ansel Bakery,"189 Spring St, New York, NY 10012",no reviews,Cookies,https://www.dominiqueansel.com/,file:///Applications/coreinteractionstudio/Screen%20Shot%202020-03-26%20at%201.45.20%20AM.png
Levain Bakery,340 LAFAYETTE ST.,no reviews,Cookies,https://levainbakery.com/,file:///Applications/coreinteractionstudio/Screen%20Shot%202020-03-26%20at%201.39.40%20AM.png
Maman Bakery,"soho - 239 centre st, nyc
marché maman - 237 centre st, nyc 
tribeca -  211 west broadway, nyc",no reviews,Dining and Dessert,https://www.mamannyc.com/,https://images.squarespace-cdn.com/content/v1/5760a79586db43573ee955c1/1471487979976-QHZLFXHBZSH9D3ZYBVOO/ke17ZwdGBToddI8pDm48kMXRibDYMhUiookWqwUxEZ97gQa3H78H3Y0txjaiv_0fDoOvxcdMmMKkDsyUqMSsMWxHk725yiiHCCLfrh8O1z4YTzHvnKhyp6Da-NYroOW3ZGjoBKy3azqku80C789l0luUmcNM2NMBIHLdYyXL-Jww_XBra4mrrAHD6FMA3bNKOBm5vyMDUBjVQdcIrt03OQ/cookie+stack+2.jpg
Ray's Candy Store,"113 Avenue A, New York, NY 10009",4.7,Pastry,https://www.instagram.com/rayscandystore/?hl=en,https://media-cdn.tripadvisor.com/media/photo-s/0c/3f/a4/2c/ray-s-beignets.jpg
Eileen's Special Cheesecake,"17 Cleveland Pl, New York, NY 10012",4.6,Pastry,https://www.eileenscheesecake.com/,https://images.squarespace-cdn.com/content/v1/5d9ca4a434c0c7225f1df74b/1573222225123-ZU7JLBMTK05JQ5C68RHR/ke17ZwdGBToddI8pDm48kPJXHKy2-mnvrsdpGQjlhod7gQa3H78H3Y0txjaiv_0fDoOvxcdMmMKkDsyUqMSsMWxHk725yiiHCCLfrh8O1z5QHyNOqBUUEtDDsRWrJLTmihaE5rlzFBImxTetd_yW5btdZx37rH5fuWDtePBPDaHF5LxdCVHkNEqSYPsUQCdT/Cake_Sampler_White_1.jpg?format=1500w
Eggloo," 60 Mulberry St, New York, NY 10013",4.4,Icecream,https://www.myeggloo.com/mobile,https://www.cherriealmonte.com/wp-content/uploads/2017/05/img_4592-1440x1440.jpg
Flour shop,"177 Lafayette St, New York, NY 10013",4.3,Pastry,https://flourshop.com/#,https://i.pinimg.com/originals/af/ae/32/afae3213fb614089fa5c5b49aa65d0e7.jpg
Ample Hills Creamery,"141 8th avenue New York, NY 10011",4.5,Icecream,https://www.amplehills.com/,file:///Applications/coreinteractionstudio/Screen%20Shot%202020-03-26%20at%201.41.39%20AM.png
Cha Cha Matcha,"1158 BROADWAY
NEW YORK, NY 10011",4.3,Pastry,https://chachamatcha.com/,https://i.pinimg.com/originals/13/77/1a/13771a2fbfdd8a4d6c4bc08f769b5b25.jpg
Taiyaki Nyc,"119 Baxter Street, NY 10013",4.6,Icecream,https://taiyakinyc.com/,https://cdn.vox-cdn.com/thumbor/dbFlGH8TcZiETnSH1pGFULQkRSs=/1400x1400/filters:format(jpeg)/cdn.vox-cdn.com/uploads/chorus_asset/file/13699892/42854476_452213585183008_3082217601334509568_n.jpg
Magnolia Bakery,"401 Bleecker Street and W. 11th Street
New York, NY 200 Columbus Avenue at 69th Street
New York, NY",4,Pastry,https://www.magnoliabakery.com/,https://pbs.twimg.com/media/EOWovyCX0AAqQZ1.jpg
PopBar,"5 Carmine St, New York, NY 10014",4.4,Icecream,https://www.pop-bar.com/,https://i.pinimg.com/originals/d7/92/c9/d792c9ea55aa17850dbf5090b33f5bac.jpg
The Little One,"150 E Broadway, New York, NY 10002",4.7,Pastry,https://www.instagram.com/thelittleonenyc/?hl=en,https://s3-media0.fl.yelpcdn.com/bphoto/paQ27uyraQaT-Xjjy85B6A/348s.jpg
Stax IceCream," 279 Grand St, New York, NY 10002",4.6,Icecream,https://www.staxicecream.com/,https://pbs.twimg.com/media/D8QoeDxXoAA9mqd.jpg
Alimama,"89A Bayard St, New York, NY 10013",4.7,Pastry,https://www.alimamanyc.com/,file:///Applications/coreinteractionstudio/Screen%20Shot%202020-03-26%20at%201.26.55%20AM.png
Matcha n More,"177 Hester St New York, NY 10013",4.3,Pastry,https://www.matchanmore.com/,https://images.squarespace-cdn.com/content/v1/5a5d1b5d4c326d9d5c126860/1566671748692-S15PSDPU3BX91K2M75OG/ke17ZwdGBToddI8pDm48kHem505q6McQd8XRhQc9zkRZw-zPPgdn4jUwVcJE1ZvWQUxwkmyExglNqGp0IvTJZUJFbgE-7XRK3dMEBRBhUpxpEURhgSBEh9ILe0HKIG3CcOCklsxWwam3CdWF6Xw7jwVv5P97BEtB5XaVnmvMtTA/image-asset.jpeg
Bar Pa Tea," 85 Kenmare Street store #2, New York, NY 10012",4.4,Pastry,https://www.barpatea.com/,"https://img.buzzfeed.com/buzzfeed-static/static/2019-09/26/21/asset/d0a6de57fc80/sub-buzz-277-1569534227-1.jpg?crop=1080:982;0,240"
Kay's Boutique Toast,"240 Mulberry St New York, NY 10012",no reviews,Dining and Dessert,https://www.justopenednewyork.com/kays-boutique-cafe-nolita-new-york/,file:///Applications/coreinteractionstudio/Screen%20Shot%202020-03-26%20at%202.06.54%20AM.png
Momacha,,,,,
Mochii,,,,,
Clay Pot NYC,,,,,
Hot Box,,,,,